http://i.imgur.com/FApqk3D.jpg;Black;ForestGreen;Gold
http://i.imgur.com/TKLs9lo.jpg;WhiteSmoke;Snow;DarkGray
https://i.redd.it/d8021b5i2moy.jpg;Black;DarkOliveGreen;Tan
https://i.redd.it/4m5yk8gjrtzy.jpg;Black;Sienna;DarkOliveGreen
https://i.redd.it/xae65ypfqycy.jpg;WhiteSmoke;FireBrick;SaddleBrown
http://i.imgur.com/lcEUZHv.jpg;Silver;DarkSlateGray;LightGray
https://i.redd.it/1nlgrn49x7ry.jpg;Black;DarkSlateGray;Gray
http://i.imgur.com/M3NOzLC.jpg;Gray;DarkSlateGray;DimGray
https://i.redd.it/w5q6gldnvcuy.jpg;Black;RosyBrown;WhiteSmoke
https://i.redd.it/s5viyluv421z.jpg;Peru;Sienna;AntiqueWhite
https://i.redd.it/h5t3qddvvzry.jpg;Black;DarkGray;DimGray
https://i.redd.it/ftd3sx5ah13z.jpg;Sienna;IndianRed;RosyBrown
https://i.redd.it/7ofdqmp53bzy.jpg;RosyBrown;Gray;Tan
http://i.imgur.com/sXhEQez.jpg;Black;DimGray;DarkSlateGray
https://i.redd.it/cwljeujku33z.jpg;Gainsboro;DarkKhaki;LightGray
https://i.redd.it/fsuv32a1cc9y.jpg;Snow;DimGray;Gray
http://i.imgur.com/enhDnTM.jpg;PaleTurquoise;Black;Lavender
http://i.imgur.com/tyDhTll.jpg;Black;DimGray;Silver
http://i.imgur.com/puEqa4C.jpg;LightSlateGray;DarkSlateGray;Gray
https://i.redd.it/ihczg3pmle3z.jpg;DarkGray;Gray;DarkSeaGreen
https://i.redd.it/cpkq97klre4z.jpg;Gray;DarkGray;DimGray
http://i.imgur.com/RycdbMO.jpg;DarkSlateGray;DarkGray;Silver
https://i.redd.it/sn7ufk9fsv4z.jpg;Gray;Black;LightGray
https://i.redd.it/n9jq5j2tatcy.jpg;DarkSlateGray;DarkGray;DimGray
https://i.redd.it/0qow2dksb34z.jpg;DarkOliveGreen;DimGray;DarkSlateGray
http://i.imgur.com/pt9rmrv.jpg;BurlyWood;Snow;AntiqueWhite
http://i.imgur.com/6pnYQUv.jpg;Black;DarkSlateGray;Gray
https://i.imgur.com/HRgRMOw.jpg;CadetBlue;DarkGray;DarkSlateGray
https://i.redd.it/rubsfuf64lvy.jpg;DarkGray;DarkOliveGreen;Lavender
https://i.redd.it/nrafqoujmety.jpg;Black;DarkSlateGray;DarkGray
https://i.redd.it/ru12lvaf7jyy.jpg;Black;DarkGray;Gray
https://i.redd.it/c5pk0vnpg3ty.jpg;SlateBlue;GhostWhite;CornflowerBlue
http://i.imgur.com/qvnjbVw.jpg;DarkGray;Silver;LightSlateGray
https://i.redd.it/ax4eueu0szpy.jpg;DarkGray;Silver;Gray
https://i.redd.it/guul6eld2soy.jpg;DimGray;Gray;DarkOliveGreen
http://i.imgur.com/Gh2I3pq.jpg;RosyBrown;Tan;DarkGray
https://i.redd.it/m4cfqp8wfv5z.jpg;LightGray;Black;Gainsboro
https://i.redd.it/tb5pckm6e72y.jpg;DarkGray;Black;Silver
https://i.redd.it/fyqzavufvjwy.jpg;BurlyWood;Sienna;DimGray
https://i.redd.it/lsuw4p2ncyny.jpg;Peru;Sienna;Gainsboro
http://i.imgur.com/FApqk3D.jpg;Black;ForestGreen;Gold
http://i.imgur.com/TKLs9lo.jpg;WhiteSmoke;Snow;DarkGray
https://i.redd.it/d8021b5i2moy.jpg;Black;DarkOliveGreen;Tan
https://i.redd.it/4m5yk8gjrtzy.jpg;Black;DarkOliveGreen;DarkSlateGray
https://i.redd.it/xae65ypfqycy.jpg;WhiteSmoke;FireBrick;SaddleBrown
http://i.imgur.com/lcEUZHv.jpg;Silver;LightGray;DarkSlateGray
https://i.redd.it/1nlgrn49x7ry.jpg;DarkSlateGray;Black;Gray
http://i.imgur.com/M3NOzLC.jpg;Gray;DarkSlateGray;SaddleBrown
https://i.redd.it/w5q6gldnvcuy.jpg;Black;WhiteSmoke;DarkGray
https://i.redd.it/s5viyluv421z.jpg;Peru;Sienna;SaddleBrown
https://i.redd.it/h5t3qddvvzry.jpg;Black;Gray;DarkSlateGray
https://i.redd.it/ftd3sx5ah13z.jpg;IndianRed;Sienna;RosyBrown
https://i.redd.it/7ofdqmp53bzy.jpg;Gray;RosyBrown;BurlyWood
http://i.imgur.com/sXhEQez.jpg;Black;DarkSlateGray;DimGray
https://i.redd.it/cwljeujku33z.jpg;Gainsboro;DarkKhaki;LightGray
https://i.redd.it/fsuv32a1cc9y.jpg;Snow;DimGray;DarkSlateGray
http://i.imgur.com/enhDnTM.jpg;Gainsboro;Black;Lavender
http://i.imgur.com/tyDhTll.jpg;Black;DimGray;Silver
http://i.imgur.com/puEqa4C.jpg;LightSlateGray;Black;Gray
https://i.redd.it/ihczg3pmle3z.jpg;DarkGray;DarkSeaGreen;DimGray
https://i.redd.it/cpkq97klre4z.jpg;Gray;DarkGray;DimGray
http://i.imgur.com/RycdbMO.jpg;DarkSlateGray;Silver;DarkGray
https://i.redd.it/sn7ufk9fsv4z.jpg;Gray;DimGray;LightGray
https://i.redd.it/n9jq5j2tatcy.jpg;DarkSlateGray;Silver;DimGray
https://i.redd.it/0qow2dksb34z.jpg;DarkOliveGreen;DimGray;DarkSlateGray
http://i.imgur.com/pt9rmrv.jpg;DarkSlateGray;PeachPuff;AntiqueWhite
http://i.imgur.com/6pnYQUv.jpg;LightSlateGray;Black;DarkSlateGray
https://i.imgur.com/HRgRMOw.jpg;DarkGray;DarkSlateGray;SeaGreen
https://i.redd.it/rubsfuf64lvy.jpg;DarkGray;DarkOliveGreen;Gainsboro
https://i.redd.it/nrafqoujmety.jpg;DarkSlateGray;Black;DarkGray
https://i.redd.it/ru12lvaf7jyy.jpg;DarkGray;Black;Gray
https://i.redd.it/c5pk0vnpg3ty.jpg;SlateBlue;GhostWhite;CornflowerBlue
http://i.imgur.com/qvnjbVw.jpg;DarkGray;DimGray;LightSlateGray
https://i.redd.it/ax4eueu0szpy.jpg;Silver;DarkGray;DarkSlateGray
https://i.redd.it/guul6eld2soy.jpg;Gray;DarkOliveGreen;DimGray
http://i.imgur.com/Gh2I3pq.jpg;RosyBrown;Tan;Silver
https://i.redd.it/m4cfqp8wfv5z.jpg;LightGray;Black;Silver
https://i.redd.it/tb5pckm6e72y.jpg;DarkGray;LightGray;Black
https://i.redd.it/fyqzavufvjwy.jpg;DimGray;BurlyWood;Peru
https://i.redd.it/lsuw4p2ncyny.jpg;Peru;Sienna;Gainsboro
http://i.imgur.com/FApqk3D.jpg;Black;ForestGreen;Gold
http://i.imgur.com/TKLs9lo.jpg;WhiteSmoke;GhostWhite;DarkGray
https://i.redd.it/d8021b5i2moy.jpg;Black;DarkOliveGreen;Tan
https://i.redd.it/4m5yk8gjrtzy.jpg;Black;DarkOliveGreen;Sienna
https://i.redd.it/xae65ypfqycy.jpg;WhiteSmoke;FireBrick;SaddleBrown
http://i.imgur.com/lcEUZHv.jpg;Silver;DarkSlateGray;LightGray
https://i.redd.it/1nlgrn49x7ry.jpg;Black;DarkSlateGray;DimGray
http://i.imgur.com/M3NOzLC.jpg;Gray;DarkSlateGray;DarkOliveGreen
https://i.redd.it/w5q6gldnvcuy.jpg;Black;RosyBrown;WhiteSmoke
https://i.redd.it/s5viyluv421z.jpg;Peru;Sienna;AntiqueWhite
https://i.redd.it/h5t3qddvvzry.jpg;Black;RosyBrown;DarkSlateGray
https://i.redd.it/ftd3sx5ah13z.jpg;Sienna;IndianRed;RosyBrown
https://i.redd.it/7ofdqmp53bzy.jpg;Gray;RosyBrown;Wheat
http://i.imgur.com/sXhEQez.jpg;Black;DarkSlateGray;Gray
https://i.redd.it/cwljeujku33z.jpg;Gainsboro;DarkKhaki;LightGray
https://i.redd.it/fsuv32a1cc9y.jpg;Snow;Gray;DarkSlateGray
http://i.imgur.com/enhDnTM.jpg;PaleTurquoise;Black;LightSeaGreen
http://i.imgur.com/tyDhTll.jpg;Black;DimGray;DarkSlateGray
http://i.imgur.com/puEqa4C.jpg;LightSlateGray;DarkSlateGray;Black
https://i.redd.it/ihczg3pmle3z.jpg;DarkGray;Gray;DimGray
https://i.redd.it/cpkq97klre4z.jpg;Gray;DarkGray;DimGray
http://i.imgur.com/RycdbMO.jpg;DarkSlateGray;Silver;DarkGray
https://i.redd.it/sn7ufk9fsv4z.jpg;Gray;LightGray;DimGray
https://i.redd.it/n9jq5j2tatcy.jpg;DarkSlateGray;DarkGray;LightGray
https://i.redd.it/0qow2dksb34z.jpg;DimGray;DarkOliveGreen;DarkSlateGray
http://i.imgur.com/pt9rmrv.jpg;BurlyWood;AntiqueWhite;Wheat
http://i.imgur.com/6pnYQUv.jpg;Gray;Black;DarkSlateGray
https://i.imgur.com/HRgRMOw.jpg;DarkGray;DarkSlateGray;DimGray
https://i.redd.it/rubsfuf64lvy.jpg;DarkOliveGreen;DarkGray;Gainsboro
https://i.redd.it/nrafqoujmety.jpg;DarkSlateGray;Sienna;Silver
https://i.redd.it/ru12lvaf7jyy.jpg;DarkGray;Black;DarkSlateGray
https://i.redd.it/c5pk0vnpg3ty.jpg;SlateBlue;GhostWhite;CornflowerBlue
http://i.imgur.com/qvnjbVw.jpg;DarkGray;Gray;Silver
https://i.redd.it/ax4eueu0szpy.jpg;Silver;RosyBrown;DarkGray
https://i.redd.it/guul6eld2soy.jpg;Gray;DarkOliveGreen;RosyBrown
http://i.imgur.com/Gh2I3pq.jpg;RosyBrown;Silver;Tan
https://i.redd.it/m4cfqp8wfv5z.jpg;LightGray;Gainsboro;Silver
https://i.redd.it/tb5pckm6e72y.jpg;DarkGray;Black;LightGray
https://i.redd.it/fyqzavufvjwy.jpg;Gray;BurlyWood;DarkOliveGreen
https://i.redd.it/lsuw4p2ncyny.jpg;Peru;Sienna;Black
http://i.imgur.com/FApqk3D.jpg;Black;ForestGreen;Gold
http://i.imgur.com/TKLs9lo.jpg;GhostWhite;WhiteSmoke;DarkGray
https://i.redd.it/d8021b5i2moy.jpg;DarkOliveGreen;Black;Tan
https://i.redd.it/4m5yk8gjrtzy.jpg;Black;Maroon;SaddleBrown
https://i.redd.it/xae65ypfqycy.jpg;WhiteSmoke;FireBrick;SaddleBrown
http://i.imgur.com/lcEUZHv.jpg;Silver;LightGray;DarkSlateGray
https://i.redd.it/1nlgrn49x7ry.jpg;Black;DimGray;DarkSlateGray
http://i.imgur.com/M3NOzLC.jpg;Gray;DarkSlateGray;DimGray
https://i.redd.it/w5q6gldnvcuy.jpg;Black;RosyBrown;DarkSlateGray
https://i.redd.it/s5viyluv421z.jpg;Peru;Sienna;AntiqueWhite
https://i.redd.it/h5t3qddvvzry.jpg;Black;DarkSlateGray;RosyBrown
https://i.redd.it/ftd3sx5ah13z.jpg;Sienna;IndianRed;Tan
https://i.redd.it/7ofdqmp53bzy.jpg;Gray;RosyBrown;BurlyWood
http://i.imgur.com/sXhEQez.jpg;Black;DimGray;DarkSlateGray
https://i.redd.it/cwljeujku33z.jpg;Gainsboro;LightGray;DarkKhaki
https://i.redd.it/fsuv32a1cc9y.jpg;DimGray;DarkSlateGray;Gray
http://i.imgur.com/enhDnTM.jpg;Gainsboro;Black;Lavender
http://i.imgur.com/tyDhTll.jpg;Black;DimGray;DarkSlateGray
http://i.imgur.com/puEqa4C.jpg;LightSlateGray;DarkSlateGray;Black
https://i.redd.it/ihczg3pmle3z.jpg;DarkGray;Gray;DarkSeaGreen
https://i.redd.it/cpkq97klre4z.jpg;Gray;DarkGray;DimGray
http://i.imgur.com/RycdbMO.jpg;DarkSlateGray;Silver;DimGray
https://i.redd.it/sn7ufk9fsv4z.jpg;DimGray;Gray;Black
https://i.redd.it/n9jq5j2tatcy.jpg;DarkSlateGray;DarkGray;Silver
https://i.redd.it/0qow2dksb34z.jpg;DarkOliveGreen;DarkSlateGray;Gray
http://i.imgur.com/pt9rmrv.jpg;BurlyWood;AntiqueWhite;Wheat
http://i.imgur.com/6pnYQUv.jpg;Black;DarkSlateGray;LightSlateGray
https://i.imgur.com/HRgRMOw.jpg;DarkGray;DarkSlateGray;DimGray
https://i.redd.it/rubsfuf64lvy.jpg;DarkGray;DarkOliveGreen;Lavender
https://i.redd.it/nrafqoujmety.jpg;Black;DarkSlateGray;DarkGray
https://i.redd.it/ru12lvaf7jyy.jpg;DarkGray;Black;DarkSlateGray
https://i.redd.it/c5pk0vnpg3ty.jpg;SlateBlue;GhostWhite;LightSlateGray
http://i.imgur.com/qvnjbVw.jpg;DarkGray;DimGray;Gray
https://i.redd.it/ax4eueu0szpy.jpg;Silver;DarkGray;DarkSlateGray
https://i.redd.it/guul6eld2soy.jpg;Gray;DarkOliveGreen;RosyBrown
http://i.imgur.com/Gh2I3pq.jpg;RosyBrown;Silver;Tan
https://i.redd.it/m4cfqp8wfv5z.jpg;LightGray;Silver;Black
https://i.redd.it/tb5pckm6e72y.jpg;DarkGray;Black;Silver
https://i.redd.it/fyqzavufvjwy.jpg;Sienna;Tan;DimGray
https://i.redd.it/lsuw4p2ncyny.jpg;Peru;Sienna;Gainsboro
http://i.imgur.com/FApqk3D.jpg;Black;Gold;DarkCyan
http://i.imgur.com/TKLs9lo.jpg;WhiteSmoke;Snow;DarkGray
https://i.redd.it/d8021b5i2moy.jpg;DarkOliveGreen;Black;Tan
https://i.redd.it/4m5yk8gjrtzy.jpg;Black;SaddleBrown;DarkSlateGray
https://i.redd.it/xae65ypfqycy.jpg;WhiteSmoke;FireBrick;SaddleBrown
http://i.imgur.com/lcEUZHv.jpg;Silver;DarkSlateGray;LightGray
https://i.redd.it/1nlgrn49x7ry.jpg;DarkSlateGray;DimGray;Black
http://i.imgur.com/M3NOzLC.jpg;Gray;DarkSlateGray;SaddleBrown
https://i.redd.it/w5q6gldnvcuy.jpg;Black;WhiteSmoke;MidnightBlue
https://i.redd.it/s5viyluv421z.jpg;Peru;Sienna;AntiqueWhite
https://i.redd.it/h5t3qddvvzry.jpg;Black;DarkSlateGray;DimGray
https://i.redd.it/ftd3sx5ah13z.jpg;Sienna;IndianRed;DimGray
https://i.redd.it/7ofdqmp53bzy.jpg;RosyBrown;Gray;Wheat
http://i.imgur.com/sXhEQez.jpg;Black;DarkSlateGray;DimGray
https://i.redd.it/cwljeujku33z.jpg;Gainsboro;LightGray;Peru
https://i.redd.it/fsuv32a1cc9y.jpg;Snow;Gray;DarkSlateGray
http://i.imgur.com/enhDnTM.jpg;Gainsboro;Black;LightSeaGreen
http://i.imgur.com/tyDhTll.jpg;Black;DimGray;DarkSlateGray
http://i.imgur.com/puEqa4C.jpg;LightSlateGray;DarkSlateGray;Black
https://i.redd.it/ihczg3pmle3z.jpg;DarkGray;Gray;DimGray
https://i.redd.it/cpkq97klre4z.jpg;Gray;DarkGray;DimGray
http://i.imgur.com/RycdbMO.jpg;DarkSlateGray;Silver;DarkGray
https://i.redd.it/sn7ufk9fsv4z.jpg;Gray;LightGray;DimGray
https://i.redd.it/n9jq5j2tatcy.jpg;DarkSlateGray;Silver;DimGray
https://i.redd.it/0qow2dksb34z.jpg;DarkOliveGreen;DimGray;Gray
http://i.imgur.com/pt9rmrv.jpg;BurlyWood;AntiqueWhite;Wheat
http://i.imgur.com/6pnYQUv.jpg;Black;Gray;DarkSlateGray
https://i.imgur.com/HRgRMOw.jpg;DarkGray;DarkSlateGray;SeaGreen
https://i.redd.it/rubsfuf64lvy.jpg;DarkGray;DarkOliveGreen;Lavender
https://i.redd.it/nrafqoujmety.jpg;DarkSlateGray;Black;DarkGray
https://i.redd.it/ru12lvaf7jyy.jpg;DarkGray;Black;DarkSlateGray
https://i.redd.it/c5pk0vnpg3ty.jpg;CornflowerBlue;SlateBlue;GhostWhite
http://i.imgur.com/qvnjbVw.jpg;DarkGray;Silver;Gray
https://i.redd.it/ax4eueu0szpy.jpg;Silver;RosyBrown;DarkGray
https://i.redd.it/guul6eld2soy.jpg;DarkOliveGreen;Gray;RosyBrown
http://i.imgur.com/Gh2I3pq.jpg;RosyBrown;Tan;Silver
https://i.redd.it/m4cfqp8wfv5z.jpg;LightGray;Black;Gainsboro
https://i.redd.it/tb5pckm6e72y.jpg;DarkGray;Black;Silver
https://i.redd.it/fyqzavufvjwy.jpg;BurlyWood;DarkKhaki;DarkOliveGreen
https://i.redd.it/lsuw4p2ncyny.jpg;Peru;Sienna;Black
http://i.imgur.com/FApqk3D.jpg;Black;Gold;ForestGreen
http://i.imgur.com/TKLs9lo.jpg;WhiteSmoke;Snow;LightSlateGray
https://i.redd.it/d8021b5i2moy.jpg;Black;Tan;Sienna
https://i.redd.it/4m5yk8gjrtzy.jpg;Black;SaddleBrown;DarkOliveGreen
https://i.redd.it/xae65ypfqycy.jpg;WhiteSmoke;FireBrick;SaddleBrown
http://i.imgur.com/lcEUZHv.jpg;Silver;DarkSlateGray;LightGray
https://i.redd.it/1nlgrn49x7ry.jpg;DimGray;DarkSlateGray;Black
http://i.imgur.com/M3NOzLC.jpg;Gray;DarkSlateGray;SaddleBrown
https://i.redd.it/w5q6gldnvcuy.jpg;Black;RosyBrown;WhiteSmoke
https://i.redd.it/s5viyluv421z.jpg;Peru;Sienna;AntiqueWhite
https://i.redd.it/h5t3qddvvzry.jpg;Black;DimGray;DarkSlateGray
https://i.redd.it/ftd3sx5ah13z.jpg;IndianRed;Sienna;DimGray
https://i.redd.it/7ofdqmp53bzy.jpg;Gray;RosyBrown;DarkOliveGreen
http://i.imgur.com/sXhEQez.jpg;Black;DarkGray;DarkSlateGray
https://i.redd.it/cwljeujku33z.jpg;Gainsboro;LightGray;DarkKhaki
https://i.redd.it/fsuv32a1cc9y.jpg;DimGray;Gray;WhiteSmoke
http://i.imgur.com/enhDnTM.jpg;Gainsboro;Black;Lavender
http://i.imgur.com/tyDhTll.jpg;Black;LightGray;DimGray
http://i.imgur.com/puEqa4C.jpg;LightSlateGray;Black;Tomato
https://i.redd.it/ihczg3pmle3z.jpg;DarkGray;Gray;DimGray
https://i.redd.it/cpkq97klre4z.jpg;Gray;DarkGray;DimGray
http://i.imgur.com/RycdbMO.jpg;DarkSlateGray;Silver;DarkGray
https://i.redd.it/sn7ufk9fsv4z.jpg;DimGray;DarkSlateGray;LightGray
https://i.redd.it/n9jq5j2tatcy.jpg;DarkSlateGray;DimGray;Silver
https://i.redd.it/0qow2dksb34z.jpg;DarkOliveGreen;DarkKhaki;DarkSlateGray
http://i.imgur.com/pt9rmrv.jpg;Wheat;AntiqueWhite;DarkSlateGray
http://i.imgur.com/6pnYQUv.jpg;Black;Gray;DarkSlateGray
https://i.imgur.com/HRgRMOw.jpg;DarkGray;DarkSlateGray;SeaGreen
https://i.redd.it/rubsfuf64lvy.jpg;DarkGray;DarkOliveGreen;Gainsboro
https://i.redd.it/nrafqoujmety.jpg;DarkSlateGray;Black;DarkOliveGreen
https://i.redd.it/ru12lvaf7jyy.jpg;DarkGray;Black;DarkOliveGreen
https://i.redd.it/c5pk0vnpg3ty.jpg;SlateBlue;GhostWhite;CornflowerBlue
http://i.imgur.com/qvnjbVw.jpg;DarkGray;DarkOliveGreen;Silver
https://i.redd.it/ax4eueu0szpy.jpg;Silver;Gray;DarkSlateGray
https://i.redd.it/guul6eld2soy.jpg;DarkOliveGreen;Gray;RosyBrown
http://i.imgur.com/Gh2I3pq.jpg;RosyBrown;Silver;DarkSlateGray
https://i.redd.it/m4cfqp8wfv5z.jpg;LightGray;Silver;Black
https://i.redd.it/tb5pckm6e72y.jpg;DarkGray;Black;Silver
https://i.redd.it/fyqzavufvjwy.jpg;BurlyWood;Peru;Sienna
https://i.redd.it/lsuw4p2ncyny.jpg;Peru;Sienna;Black
http://i.imgur.com/FApqk3D.jpg;Black;Gold;ForestGreen
http://i.imgur.com/TKLs9lo.jpg;WhiteSmoke;Snow;DarkGray
https://i.redd.it/d8021b5i2moy.jpg;Black;DarkOliveGreen;Tan
https://i.redd.it/4m5yk8gjrtzy.jpg;Black;Maroon;Sienna
https://i.redd.it/xae65ypfqycy.jpg;WhiteSmoke;FireBrick;SaddleBrown
http://i.imgur.com/lcEUZHv.jpg;Silver;DarkSlateGray;LightGray
https://i.redd.it/1nlgrn49x7ry.jpg;DimGray;Black;DarkSlateGray
http://i.imgur.com/M3NOzLC.jpg;Gray;DarkSlateGray;DimGray
https://i.redd.it/w5q6gldnvcuy.jpg;Black;RosyBrown;WhiteSmoke
https://i.redd.it/s5viyluv421z.jpg;Peru;SaddleBrown;Sienna
https://i.redd.it/h5t3qddvvzry.jpg;Black;DarkSlateGray;RosyBrown
https://i.redd.it/ftd3sx5ah13z.jpg;Sienna;IndianRed;RosyBrown
https://i.redd.it/7ofdqmp53bzy.jpg;Tan;Gray;RosyBrown
http://i.imgur.com/sXhEQez.jpg;Black;DarkSlateGray;DimGray
https://i.redd.it/cwljeujku33z.jpg;Gainsboro;LightGray;DarkKhaki
https://i.redd.it/fsuv32a1cc9y.jpg;DimGray;Gray;WhiteSmoke
http://i.imgur.com/enhDnTM.jpg;Gainsboro;Black;Lavender
http://i.imgur.com/tyDhTll.jpg;Black;DimGray;Silver
http://i.imgur.com/puEqa4C.jpg;LightSlateGray;Black;Gray
https://i.redd.it/ihczg3pmle3z.jpg;DarkGray;Gray;DarkSeaGreen
https://i.redd.it/cpkq97klre4z.jpg;Gray;DarkGray;DimGray
http://i.imgur.com/RycdbMO.jpg;DarkSlateGray;Silver;DarkGray
https://i.redd.it/sn7ufk9fsv4z.jpg;DimGray;Black;LightGray
https://i.redd.it/n9jq5j2tatcy.jpg;DarkSlateGray;DarkGray;Silver
https://i.redd.it/0qow2dksb34z.jpg;DarkOliveGreen;DimGray;DarkSlateGray
http://i.imgur.com/pt9rmrv.jpg;Wheat;AntiqueWhite;DarkSlateGray
http://i.imgur.com/6pnYQUv.jpg;Black;Gray;DarkSlateGray
https://i.imgur.com/HRgRMOw.jpg;DarkGray;DarkSlateGray;SeaGreen
https://i.redd.it/rubsfuf64lvy.jpg;DarkGray;Lavender;DarkOliveGreen
https://i.redd.it/nrafqoujmety.jpg;Black;DarkSlateGray;DarkGray
https://i.redd.it/ru12lvaf7jyy.jpg;DarkGray;Black;RosyBrown
https://i.redd.it/c5pk0vnpg3ty.jpg;SlateBlue;GhostWhite;LightSlateGray
http://i.imgur.com/qvnjbVw.jpg;DarkGray;DarkOliveGreen;Silver
https://i.redd.it/ax4eueu0szpy.jpg;Silver;RosyBrown;DarkSlateGray
https://i.redd.it/guul6eld2soy.jpg;DarkOliveGreen;Gray;DimGray
http://i.imgur.com/Gh2I3pq.jpg;RosyBrown;Tan;Silver
https://i.redd.it/m4cfqp8wfv5z.jpg;LightGray;Black;DarkGray
https://i.redd.it/tb5pckm6e72y.jpg;DarkGray;Black;Silver
https://i.redd.it/fyqzavufvjwy.jpg;BurlyWood;IndianRed;DarkKhaki
https://i.redd.it/lsuw4p2ncyny.jpg;Peru;Sienna;SaddleBrown
http://i.imgur.com/FApqk3D.jpg;Black;Gold;DarkCyan
http://i.imgur.com/TKLs9lo.jpg;WhiteSmoke;Snow;DarkGray
https://i.redd.it/d8021b5i2moy.jpg;Black;Tan;Gray
https://i.redd.it/4m5yk8gjrtzy.jpg;Black;Maroon;DarkOliveGreen
https://i.redd.it/xae65ypfqycy.jpg;WhiteSmoke;FireBrick;SaddleBrown
http://i.imgur.com/lcEUZHv.jpg;Silver;DarkSlateGray;LightGray
https://i.redd.it/1nlgrn49x7ry.jpg;DimGray;Black;DarkSlateGray
http://i.imgur.com/M3NOzLC.jpg;Gray;DarkSlateGray;DimGray
https://i.redd.it/w5q6gldnvcuy.jpg;Black;RosyBrown;WhiteSmoke
https://i.redd.it/s5viyluv421z.jpg;Peru;Sienna;SaddleBrown
https://i.redd.it/h5t3qddvvzry.jpg;Black;DarkGray;DimGray
https://i.redd.it/ftd3sx5ah13z.jpg;Sienna;IndianRed;RosyBrown
https://i.redd.it/7ofdqmp53bzy.jpg;Gray;RosyBrown;BurlyWood
http://i.imgur.com/sXhEQez.jpg;Black;DarkSlateGray;DimGray
https://i.redd.it/cwljeujku33z.jpg;Gainsboro;DarkKhaki;LightGray
https://i.redd.it/fsuv32a1cc9y.jpg;Snow;Gray;DimGray
http://i.imgur.com/enhDnTM.jpg;PowderBlue;Gainsboro;Black
http://i.imgur.com/tyDhTll.jpg;Black;DimGray;Silver
http://i.imgur.com/puEqa4C.jpg;LightSlateGray;Black;Gray
https://i.redd.it/ihczg3pmle3z.jpg;DarkGray;Gray;DarkSeaGreen
https://i.redd.it/cpkq97klre4z.jpg;Gray;DarkGray;DimGray
http://i.imgur.com/RycdbMO.jpg;DarkSlateGray;Silver;DarkGray
https://i.redd.it/sn7ufk9fsv4z.jpg;Gray;LightGray;DimGray
https://i.redd.it/n9jq5j2tatcy.jpg;DarkSlateGray;DarkGray;Silver
https://i.redd.it/0qow2dksb34z.jpg;DimGray;DarkOliveGreen;DarkSlateGray
http://i.imgur.com/pt9rmrv.jpg;BurlyWood;AntiqueWhite;Wheat
http://i.imgur.com/6pnYQUv.jpg;DarkSlateGray;Gray;Black
https://i.imgur.com/HRgRMOw.jpg;DarkGray;DarkSlateGray;SeaGreen
https://i.redd.it/rubsfuf64lvy.jpg;DarkGray;DarkOliveGreen;Lavender
https://i.redd.it/nrafqoujmety.jpg;DarkSlateGray;RosyBrown;Silver
https://i.redd.it/ru12lvaf7jyy.jpg;DarkGray;Black;DarkSlateGray
https://i.redd.it/c5pk0vnpg3ty.jpg;SlateBlue;GhostWhite;LightSlateGray
http://i.imgur.com/qvnjbVw.jpg;DarkGray;Gray;DimGray
https://i.redd.it/ax4eueu0szpy.jpg;Silver;RosyBrown;DarkSlateGray
https://i.redd.it/guul6eld2soy.jpg;Gray;DarkOliveGreen;DimGray
http://i.imgur.com/Gh2I3pq.jpg;RosyBrown;Silver;Tan
https://i.redd.it/m4cfqp8wfv5z.jpg;LightGray;Gainsboro;Black
https://i.redd.it/tb5pckm6e72y.jpg;DarkGray;Black;Silver
https://i.redd.it/fyqzavufvjwy.jpg;Gray;Tan;BurlyWood
https://i.redd.it/lsuw4p2ncyny.jpg;Peru;Sienna;Gainsboro
http://i.imgur.com/FApqk3D.jpg;Black;Gold;ForestGreen
http://i.imgur.com/TKLs9lo.jpg;WhiteSmoke;Snow;DarkGray
https://i.redd.it/d8021b5i2moy.jpg;Black;Tan;DarkOliveGreen
https://i.redd.it/4m5yk8gjrtzy.jpg;Black;DarkOliveGreen;Sienna
https://i.redd.it/xae65ypfqycy.jpg;WhiteSmoke;FireBrick;SaddleBrown
http://i.imgur.com/lcEUZHv.jpg;Silver;LightGray;DarkSlateGray
https://i.redd.it/1nlgrn49x7ry.jpg;Black;DimGray;RosyBrown
http://i.imgur.com/M3NOzLC.jpg;Gray;DarkSlateGray;DimGray
https://i.redd.it/w5q6gldnvcuy.jpg;Black;WhiteSmoke;MidnightBlue
https://i.redd.it/s5viyluv421z.jpg;Peru;SaddleBrown;Sienna
https://i.redd.it/h5t3qddvvzry.jpg;Black;DimGray;DarkSlateGray
https://i.redd.it/ftd3sx5ah13z.jpg;Sienna;IndianRed;DarkSlateGray
https://i.redd.it/7ofdqmp53bzy.jpg;Gray;RosyBrown;Tan
http://i.imgur.com/sXhEQez.jpg;Black;DarkGray;DimGray
https://i.redd.it/cwljeujku33z.jpg;Gainsboro;DarkKhaki;LightGray
https://i.redd.it/fsuv32a1cc9y.jpg;Snow;Gray;DarkSlateGray
http://i.imgur.com/enhDnTM.jpg;Gainsboro;Black;Lavender
http://i.imgur.com/tyDhTll.jpg;Black;DimGray;DarkSlateGray
http://i.imgur.com/puEqa4C.jpg;LightSlateGray;Black;DarkSlateGray
https://i.redd.it/ihczg3pmle3z.jpg;DarkGray;DarkSeaGreen;Gray
https://i.redd.it/cpkq97klre4z.jpg;Gray;DarkGray;DimGray
http://i.imgur.com/RycdbMO.jpg;DarkSlateGray;Silver;Gray
https://i.redd.it/sn7ufk9fsv4z.jpg;DimGray;Gray;LightGray
https://i.redd.it/n9jq5j2tatcy.jpg;DarkSlateGray;DarkGray;Gray
https://i.redd.it/0qow2dksb34z.jpg;DarkOliveGreen;DimGray;DarkSlateGray
http://i.imgur.com/pt9rmrv.jpg;BurlyWood;Wheat;AntiqueWhite
http://i.imgur.com/6pnYQUv.jpg;Black;DarkSlateGray;Gray
https://i.imgur.com/HRgRMOw.jpg;DarkGray;DarkSlateGray;SeaGreen
https://i.redd.it/rubsfuf64lvy.jpg;DarkGray;DarkOliveGreen;Lavender
https://i.redd.it/nrafqoujmety.jpg;DarkSlateGray;Black;RosyBrown
https://i.redd.it/ru12lvaf7jyy.jpg;DarkGray;Black;DarkSlateGray
https://i.redd.it/c5pk0vnpg3ty.jpg;SlateBlue;GhostWhite;CornflowerBlue
http://i.imgur.com/qvnjbVw.jpg;DarkGray;DimGray;LightSlateGray
https://i.redd.it/ax4eueu0szpy.jpg;Silver;DarkGray;DarkSlateGray
https://i.redd.it/guul6eld2soy.jpg;Gray;RosyBrown;DarkSlateGray
http://i.imgur.com/Gh2I3pq.jpg;Tan;RosyBrown;Silver
https://i.redd.it/m4cfqp8wfv5z.jpg;LightGray;Black;Silver
https://i.redd.it/tb5pckm6e72y.jpg;DarkGray;Black;Silver
https://i.redd.it/fyqzavufvjwy.jpg;BurlyWood;Sienna;Gray
https://i.redd.it/lsuw4p2ncyny.jpg;Peru;Sienna;Gainsboro
http://i.imgur.com/FApqk3D.jpg;Black;Gold;ForestGreen
http://i.imgur.com/TKLs9lo.jpg;WhiteSmoke;Snow;DarkGray
https://i.redd.it/d8021b5i2moy.jpg;Black;DarkOliveGreen;Tan
https://i.redd.it/4m5yk8gjrtzy.jpg;Black;SaddleBrown;DarkSlateGray
https://i.redd.it/xae65ypfqycy.jpg;WhiteSmoke;FireBrick;SaddleBrown
http://i.imgur.com/lcEUZHv.jpg;Silver;DarkSlateGray;LightGray
https://i.redd.it/1nlgrn49x7ry.jpg;Black;DimGray;DarkSlateGray
http://i.imgur.com/M3NOzLC.jpg;Gray;DarkSlateGray;DimGray
https://i.redd.it/w5q6gldnvcuy.jpg;Black;RosyBrown;WhiteSmoke
https://i.redd.it/s5viyluv421z.jpg;Peru;Sienna;AntiqueWhite
https://i.redd.it/h5t3qddvvzry.jpg;Black;DimGray;DarkSlateGray
https://i.redd.it/ftd3sx5ah13z.jpg;IndianRed;Sienna;Tan
https://i.redd.it/7ofdqmp53bzy.jpg;Tan;Gray;RosyBrown
http://i.imgur.com/sXhEQez.jpg;Black;DarkSlateGray;DimGray
https://i.redd.it/cwljeujku33z.jpg;Gainsboro;DarkKhaki;LightGray
https://i.redd.it/fsuv32a1cc9y.jpg;Snow;Gray;DarkSlateGray
http://i.imgur.com/enhDnTM.jpg;Gainsboro;Black;Lavender
http://i.imgur.com/tyDhTll.jpg;Black;DimGray;DarkSlateGray
http://i.imgur.com/puEqa4C.jpg;LightSlateGray;DarkSlateGray;Gray
https://i.redd.it/ihczg3pmle3z.jpg;DarkGray;Gray;DarkSeaGreen
https://i.redd.it/cpkq97klre4z.jpg;Gray;DarkGray;DimGray
http://i.imgur.com/RycdbMO.jpg;DarkSlateGray;Silver;DimGray
https://i.redd.it/sn7ufk9fsv4z.jpg;Gray;DarkSlateGray;LightGray
https://i.redd.it/n9jq5j2tatcy.jpg;DarkSlateGray;Silver;DimGray
https://i.redd.it/0qow2dksb34z.jpg;DarkOliveGreen;DimGray;DarkSlateGray
http://i.imgur.com/pt9rmrv.jpg;BurlyWood;Wheat;AntiqueWhite
http://i.imgur.com/6pnYQUv.jpg;Black;DarkSlateGray;Gray
https://i.imgur.com/HRgRMOw.jpg;DarkGray;CadetBlue;DarkSlateGray
https://i.redd.it/rubsfuf64lvy.jpg;DarkGray;DarkOliveGreen;Lavender
https://i.redd.it/nrafqoujmety.jpg;DarkSlateGray;Black;RosyBrown
https://i.redd.it/ru12lvaf7jyy.jpg;DarkGray;DarkSlateGray;Black
https://i.redd.it/c5pk0vnpg3ty.jpg;SlateBlue;Snow;LightSlateGray
http://i.imgur.com/qvnjbVw.jpg;DarkGray;DarkOliveGreen;Silver
https://i.redd.it/ax4eueu0szpy.jpg;Silver;DarkGray;RosyBrown
https://i.redd.it/guul6eld2soy.jpg;DimGray;Gray;DarkOliveGreen
http://i.imgur.com/Gh2I3pq.jpg;RosyBrown;Silver;Tan
https://i.redd.it/m4cfqp8wfv5z.jpg;LightGray;Black;Gainsboro
https://i.redd.it/tb5pckm6e72y.jpg;DarkGray;Black;Silver
https://i.redd.it/fyqzavufvjwy.jpg;Sienna;BurlyWood;Gray
https://i.redd.it/lsuw4p2ncyny.jpg;Peru;Sienna;Black
http://i.imgur.com/FApqk3D.jpg;Black;Gold;Crimson
http://i.imgur.com/TKLs9lo.jpg;WhiteSmoke;Snow;DarkGray
https://i.redd.it/d8021b5i2moy.jpg;Black;Tan;DarkOliveGreen
https://i.redd.it/4m5yk8gjrtzy.jpg;Black;Sienna;SaddleBrown
https://i.redd.it/xae65ypfqycy.jpg;WhiteSmoke;FireBrick;SaddleBrown
http://i.imgur.com/lcEUZHv.jpg;Silver;LightGray;DarkSlateGray
https://i.redd.it/1nlgrn49x7ry.jpg;Black;DarkSlateGray;Gray
http://i.imgur.com/M3NOzLC.jpg;Gray;DarkSlateGray;DimGray
https://i.redd.it/w5q6gldnvcuy.jpg;Black;RosyBrown;WhiteSmoke
https://i.redd.it/s5viyluv421z.jpg;Peru;Sienna;AntiqueWhite
https://i.redd.it/h5t3qddvvzry.jpg;Black;DimGray;DarkGray
https://i.redd.it/ftd3sx5ah13z.jpg;Sienna;IndianRed;RosyBrown
https://i.redd.it/7ofdqmp53bzy.jpg;Gray;RosyBrown;Wheat
http://i.imgur.com/sXhEQez.jpg;Black;DarkSlateGray;DimGray
https://i.redd.it/cwljeujku33z.jpg;Gainsboro;DarkKhaki;LightGray
https://i.redd.it/fsuv32a1cc9y.jpg;Snow;Gray;DarkOliveGreen
http://i.imgur.com/enhDnTM.jpg;Black;Lavender;PowderBlue
http://i.imgur.com/tyDhTll.jpg;Black;DimGray;DarkSlateGray
http://i.imgur.com/puEqa4C.jpg;LightSlateGray;Black;Tomato
https://i.redd.it/ihczg3pmle3z.jpg;DarkGray;DarkSeaGreen;Gray
https://i.redd.it/cpkq97klre4z.jpg;Gray;DarkGray;RosyBrown
http://i.imgur.com/RycdbMO.jpg;DarkSlateGray;Silver;DarkGray
https://i.redd.it/sn7ufk9fsv4z.jpg;DimGray;DarkSlateGray;LightGray
https://i.redd.it/n9jq5j2tatcy.jpg;DarkSlateGray;Silver;DarkGray
https://i.redd.it/0qow2dksb34z.jpg;DarkOliveGreen;Gray;DimGray
http://i.imgur.com/pt9rmrv.jpg;Snow;AntiqueWhite;PeachPuff
http://i.imgur.com/6pnYQUv.jpg;Black;Gray;DarkSlateGray
https://i.imgur.com/HRgRMOw.jpg;DarkGray;SeaGreen;DarkSlateGray
https://i.redd.it/rubsfuf64lvy.jpg;DarkOliveGreen;Lavender;Silver
https://i.redd.it/nrafqoujmety.jpg;Black;DarkSlateGray;DarkGray
https://i.redd.it/ru12lvaf7jyy.jpg;DarkGray;Black;Silver
https://i.redd.it/c5pk0vnpg3ty.jpg;SlateBlue;GhostWhite;CornflowerBlue
http://i.imgur.com/qvnjbVw.jpg;DarkGray;Silver;DarkOliveGreen
https://i.redd.it/ax4eueu0szpy.jpg;Silver;Gray;DarkGray
https://i.redd.it/guul6eld2soy.jpg;DarkOliveGreen;Gray;DimGray
http://i.imgur.com/Gh2I3pq.jpg;RosyBrown;Silver;Tan
https://i.redd.it/m4cfqp8wfv5z.jpg;LightGray;Black;Gainsboro
https://i.redd.it/tb5pckm6e72y.jpg;DarkGray;Black;Silver
https://i.redd.it/fyqzavufvjwy.jpg;Gray;BurlyWood;DarkKhaki
https://i.redd.it/lsuw4p2ncyny.jpg;Peru;Sienna;SaddleBrown
http://i.imgur.com/FApqk3D.jpg;Black;ForestGreen;Gold
http://i.imgur.com/TKLs9lo.jpg;WhiteSmoke;Snow;DarkGray
https://i.redd.it/d8021b5i2moy.jpg;Black;DarkOliveGreen;Tan
https://i.redd.it/4m5yk8gjrtzy.jpg;Black;Sienna;SaddleBrown
https://i.redd.it/xae65ypfqycy.jpg;WhiteSmoke;FireBrick;SaddleBrown
http://i.imgur.com/lcEUZHv.jpg;Silver;DarkSlateGray;LightGray
https://i.redd.it/1nlgrn49x7ry.jpg;DimGray;Black;DarkSlateGray
http://i.imgur.com/M3NOzLC.jpg;Gray;DarkSlateGray;SaddleBrown
https://i.redd.it/w5q6gldnvcuy.jpg;Black;DarkSlateGray;WhiteSmoke
https://i.redd.it/s5viyluv421z.jpg;Peru;Sienna;AntiqueWhite
https://i.redd.it/h5t3qddvvzry.jpg;Black;DimGray;RosyBrown
https://i.redd.it/ftd3sx5ah13z.jpg;Sienna;IndianRed;DarkSlateGray
https://i.redd.it/7ofdqmp53bzy.jpg;Gray;RosyBrown;LightSteelBlue
http://i.imgur.com/sXhEQez.jpg;Black;Gray;DarkSlateGray
https://i.redd.it/cwljeujku33z.jpg;Gainsboro;LightGray;DarkKhaki
https://i.redd.it/fsuv32a1cc9y.jpg;Snow;Gray;DimGray
http://i.imgur.com/enhDnTM.jpg;Gainsboro;Black;Lavender
http://i.imgur.com/tyDhTll.jpg;Black;DimGray;DarkSlateGray
http://i.imgur.com/puEqa4C.jpg;LightSlateGray;Gray;DarkSlateGray
https://i.redd.it/ihczg3pmle3z.jpg;DarkGray;Gray;DarkSeaGreen
https://i.redd.it/cpkq97klre4z.jpg;Gray;DarkGray;DimGray
http://i.imgur.com/RycdbMO.jpg;DarkSlateGray;Silver;DarkGray
https://i.redd.it/sn7ufk9fsv4z.jpg;DimGray;Black;LightGray
https://i.redd.it/n9jq5j2tatcy.jpg;DarkSlateGray;Gray;DarkGray
https://i.redd.it/0qow2dksb34z.jpg;DarkOliveGreen;Gray;DarkSlateGray
http://i.imgur.com/pt9rmrv.jpg;BurlyWood;Wheat;DarkSlateGray
http://i.imgur.com/6pnYQUv.jpg;Black;DarkSlateGray;Gray
https://i.imgur.com/HRgRMOw.jpg;DarkGray;SeaGreen;DarkSlateGray
https://i.redd.it/rubsfuf64lvy.jpg;DarkGray;DarkOliveGreen;Lavender
https://i.redd.it/nrafqoujmety.jpg;Black;DarkSlateGray;RosyBrown
https://i.redd.it/ru12lvaf7jyy.jpg;DarkGray;Black;DarkSlateGray
https://i.redd.it/c5pk0vnpg3ty.jpg;SlateBlue;GhostWhite;LightSlateGray
http://i.imgur.com/qvnjbVw.jpg;DarkGray;Silver;Gray
https://i.redd.it/ax4eueu0szpy.jpg;Silver;DarkGray;RosyBrown
https://i.redd.it/guul6eld2soy.jpg;DimGray;Gray;DarkOliveGreen
http://i.imgur.com/Gh2I3pq.jpg;RosyBrown;Tan;Silver
https://i.redd.it/m4cfqp8wfv5z.jpg;LightGray;Gainsboro;Black
https://i.redd.it/tb5pckm6e72y.jpg;DarkGray;Black;LightGray
https://i.redd.it/fyqzavufvjwy.jpg;BurlyWood;DarkOliveGreen;Gray
https://i.redd.it/lsuw4p2ncyny.jpg;Sienna;Peru;Lavender
http://i.imgur.com/FApqk3D.jpg;Black;ForestGreen;Gold
http://i.imgur.com/TKLs9lo.jpg;WhiteSmoke;Snow;DarkGray
https://i.redd.it/d8021b5i2moy.jpg;Black;Tan;DarkOliveGreen
https://i.redd.it/4m5yk8gjrtzy.jpg;Black;SaddleBrown;DarkOliveGreen
https://i.redd.it/xae65ypfqycy.jpg;WhiteSmoke;FireBrick;SaddleBrown
http://i.imgur.com/lcEUZHv.jpg;Silver;DarkSlateGray;LightGray
https://i.redd.it/1nlgrn49x7ry.jpg;DarkSlateGray;Black;Gray
http://i.imgur.com/M3NOzLC.jpg;Gray;DarkSlateGray;DimGray
https://i.redd.it/w5q6gldnvcuy.jpg;Black;RosyBrown;WhiteSmoke
https://i.redd.it/s5viyluv421z.jpg;Peru;Sienna;AntiqueWhite
https://i.redd.it/h5t3qddvvzry.jpg;Black;RosyBrown;DimGray
https://i.redd.it/ftd3sx5ah13z.jpg;Sienna;IndianRed;DimGray
https://i.redd.it/7ofdqmp53bzy.jpg;RosyBrown;Gray;Wheat
http://i.imgur.com/sXhEQez.jpg;Black;Gray;Silver
https://i.redd.it/cwljeujku33z.jpg;Gainsboro;DarkKhaki;LightGray
https://i.redd.it/fsuv32a1cc9y.jpg;Snow;Gray;DarkOliveGreen
http://i.imgur.com/enhDnTM.jpg;Gainsboro;Black;Lavender
http://i.imgur.com/tyDhTll.jpg;Black;DimGray;DarkSlateGray
http://i.imgur.com/puEqa4C.jpg;LightSlateGray;Black;Gray
https://i.redd.it/ihczg3pmle3z.jpg;DarkGray;DarkSeaGreen;Gray
https://i.redd.it/cpkq97klre4z.jpg;Gray;DimGray;DarkGray
http://i.imgur.com/RycdbMO.jpg;DarkSlateGray;Silver;Gray
https://i.redd.it/sn7ufk9fsv4z.jpg;Gray;DarkSlateGray;Black
https://i.redd.it/n9jq5j2tatcy.jpg;DarkSlateGray;DimGray;Silver
https://i.redd.it/0qow2dksb34z.jpg;DimGray;DarkOliveGreen;Gray
http://i.imgur.com/pt9rmrv.jpg;BurlyWood;Wheat;AntiqueWhite
http://i.imgur.com/6pnYQUv.jpg;Black;DarkSlateGray;Gray
https://i.imgur.com/HRgRMOw.jpg;DarkGray;SeaGreen;DarkSlateGray
https://i.redd.it/rubsfuf64lvy.jpg;DarkGray;DarkOliveGreen;Lavender
https://i.redd.it/nrafqoujmety.jpg;Black;DarkSlateGray;RosyBrown
https://i.redd.it/ru12lvaf7jyy.jpg;DarkGray;Black;Silver
https://i.redd.it/c5pk0vnpg3ty.jpg;CornflowerBlue;SlateBlue;GhostWhite
http://i.imgur.com/qvnjbVw.jpg;DarkGray;Silver;DarkOliveGreen
https://i.redd.it/ax4eueu0szpy.jpg;Silver;RosyBrown;DarkSlateGray
https://i.redd.it/guul6eld2soy.jpg;Gray;DimGray;DarkOliveGreen
http://i.imgur.com/Gh2I3pq.jpg;RosyBrown;Tan;DarkSlateGray
https://i.redd.it/m4cfqp8wfv5z.jpg;LightGray;Silver;Black
https://i.redd.it/tb5pckm6e72y.jpg;DarkGray;Black;Silver
https://i.redd.it/fyqzavufvjwy.jpg;BurlyWood;Peru;DimGray
https://i.redd.it/lsuw4p2ncyny.jpg;Peru;Sienna;Lavender
http://i.imgur.com/FApqk3D.jpg;Black;ForestGreen;Gold
http://i.imgur.com/TKLs9lo.jpg;WhiteSmoke;Snow;DarkGray
https://i.redd.it/d8021b5i2moy.jpg;DarkOliveGreen;Black;Tan
https://i.redd.it/4m5yk8gjrtzy.jpg;Black;DarkOliveGreen;SaddleBrown
https://i.redd.it/xae65ypfqycy.jpg;WhiteSmoke;FireBrick;SaddleBrown
http://i.imgur.com/lcEUZHv.jpg;Silver;DarkSlateGray;LightGray
https://i.redd.it/1nlgrn49x7ry.jpg;Black;DarkSlateGray;Gray
http://i.imgur.com/M3NOzLC.jpg;Gray;DarkSlateGray;SaddleBrown
https://i.redd.it/w5q6gldnvcuy.jpg;Black;WhiteSmoke;DarkGray
https://i.redd.it/s5viyluv421z.jpg;Peru;Sienna;AntiqueWhite
https://i.redd.it/h5t3qddvvzry.jpg;Black;DarkSlateGray;DarkGray
https://i.redd.it/ftd3sx5ah13z.jpg;Sienna;IndianRed;RosyBrown
https://i.redd.it/7ofdqmp53bzy.jpg;Gray;RosyBrown;DarkOliveGreen
http://i.imgur.com/sXhEQez.jpg;Black;DarkSlateGray;DimGray
https://i.redd.it/cwljeujku33z.jpg;Gainsboro;DarkKhaki;LightGray
https://i.redd.it/fsuv32a1cc9y.jpg;Gray;DarkOliveGreen;DimGray
http://i.imgur.com/enhDnTM.jpg;Gainsboro;Black;PowderBlue
http://i.imgur.com/tyDhTll.jpg;Black;DimGray;Silver
http://i.imgur.com/puEqa4C.jpg;LightSlateGray;Black;DarkSlateGray
https://i.redd.it/ihczg3pmle3z.jpg;DarkGray;Gray;DarkSeaGreen
https://i.redd.it/cpkq97klre4z.jpg;Gray;DarkGray;RosyBrown
http://i.imgur.com/RycdbMO.jpg;DarkSlateGray;Silver;DarkGray
https://i.redd.it/sn7ufk9fsv4z.jpg;Gray;DimGray;Black
https://i.redd.it/n9jq5j2tatcy.jpg;DarkSlateGray;Silver;DimGray
https://i.redd.it/0qow2dksb34z.jpg;DarkOliveGreen;DimGray;DarkSlateGray
http://i.imgur.com/pt9rmrv.jpg;BurlyWood;Wheat;AntiqueWhite
http://i.imgur.com/6pnYQUv.jpg;LightSlateGray;Black;DarkSlateGray
https://i.imgur.com/HRgRMOw.jpg;DarkGray;DimGray;SeaGreen
https://i.redd.it/rubsfuf64lvy.jpg;DarkGray;Lavender;DarkOliveGreen
https://i.redd.it/nrafqoujmety.jpg;DarkSlateGray;Black;DarkGray
https://i.redd.it/ru12lvaf7jyy.jpg;DarkGray;Black;Silver
https://i.redd.it/c5pk0vnpg3ty.jpg;SlateBlue;GhostWhite;CornflowerBlue
http://i.imgur.com/qvnjbVw.jpg;DarkGray;Silver;Gray
https://i.redd.it/ax4eueu0szpy.jpg;Silver;DarkGray;DarkSlateGray
https://i.redd.it/guul6eld2soy.jpg;Gray;DimGray;DarkOliveGreen
http://i.imgur.com/Gh2I3pq.jpg;RosyBrown;Silver;DarkGray
https://i.redd.it/m4cfqp8wfv5z.jpg;LightGray;Silver;Gainsboro
https://i.redd.it/tb5pckm6e72y.jpg;DarkGray;Black;Gray
https://i.redd.it/fyqzavufvjwy.jpg;Sienna;Tan;DarkOliveGreen
https://i.redd.it/lsuw4p2ncyny.jpg;Peru;Sienna;SaddleBrown
http://i.imgur.com/FApqk3D.jpg;Black;ForestGreen;Gold
http://i.imgur.com/TKLs9lo.jpg;WhiteSmoke;LightSlateGray;Gainsboro
https://i.redd.it/d8021b5i2moy.jpg;Black;DarkOliveGreen;Tan
https://i.redd.it/4m5yk8gjrtzy.jpg;Black;SaddleBrown;Sienna
https://i.redd.it/xae65ypfqycy.jpg;WhiteSmoke;FireBrick;SaddleBrown
http://i.imgur.com/lcEUZHv.jpg;Silver;DarkSlateGray;LightGray
https://i.redd.it/1nlgrn49x7ry.jpg;Black;DarkSlateGray;Gray
http://i.imgur.com/M3NOzLC.jpg;Gray;DarkSlateGray;DimGray
https://i.redd.it/w5q6gldnvcuy.jpg;Black;RosyBrown;WhiteSmoke
https://i.redd.it/s5viyluv421z.jpg;Peru;Sienna;AntiqueWhite
https://i.redd.it/h5t3qddvvzry.jpg;Black;DimGray;RosyBrown
https://i.redd.it/ftd3sx5ah13z.jpg;Sienna;IndianRed;RosyBrown
https://i.redd.it/7ofdqmp53bzy.jpg;Gray;RosyBrown;DarkOliveGreen
http://i.imgur.com/sXhEQez.jpg;Black;Gray;DarkSlateGray
https://i.redd.it/cwljeujku33z.jpg;Gainsboro;DarkKhaki;LightGray
https://i.redd.it/fsuv32a1cc9y.jpg;Snow;Gray;DarkOliveGreen
http://i.imgur.com/enhDnTM.jpg;Black;Lavender;PowderBlue
http://i.imgur.com/tyDhTll.jpg;Black;DimGray;DarkSlateGray
http://i.imgur.com/puEqa4C.jpg;LightSlateGray;Black;DarkSlateGray
https://i.redd.it/ihczg3pmle3z.jpg;DarkGray;DarkSeaGreen;Gray
https://i.redd.it/cpkq97klre4z.jpg;Gray;DarkGray;DimGray
http://i.imgur.com/RycdbMO.jpg;DarkSlateGray;DarkGray;DimGray
https://i.redd.it/sn7ufk9fsv4z.jpg;DarkSlateGray;Gray;LightGray
https://i.redd.it/n9jq5j2tatcy.jpg;DarkSlateGray;Silver;Gray
https://i.redd.it/0qow2dksb34z.jpg;DarkOliveGreen;DimGray;DarkSlateGray
http://i.imgur.com/pt9rmrv.jpg;AntiqueWhite;PeachPuff;Bisque
http://i.imgur.com/6pnYQUv.jpg;Black;DarkSlateGray;LightSlateGray
https://i.imgur.com/HRgRMOw.jpg;DarkGray;DarkSlateGray;SeaGreen
https://i.redd.it/rubsfuf64lvy.jpg;DarkGray;DarkOliveGreen;Lavender
https://i.redd.it/nrafqoujmety.jpg;Black;DarkSlateGray;DarkGray
https://i.redd.it/ru12lvaf7jyy.jpg;DarkGray;DarkSlateGray;Black
https://i.redd.it/c5pk0vnpg3ty.jpg;SlateBlue;GhostWhite;LightSlateGray
http://i.imgur.com/qvnjbVw.jpg;DarkGray;Silver;DimGray
https://i.redd.it/ax4eueu0szpy.jpg;Silver;RosyBrown;DarkGray
https://i.redd.it/guul6eld2soy.jpg;Gray;DarkOliveGreen;DimGray
http://i.imgur.com/Gh2I3pq.jpg;RosyBrown;Silver;Tan
https://i.redd.it/m4cfqp8wfv5z.jpg;LightGray;Black;Gainsboro
https://i.redd.it/tb5pckm6e72y.jpg;DarkGray;Black;Silver
https://i.redd.it/fyqzavufvjwy.jpg;Gray;BurlyWood;DarkOliveGreen
https://i.redd.it/lsuw4p2ncyny.jpg;Sienna;Peru;Gainsboro
http://i.imgur.com/FApqk3D.jpg;Black;Gold;ForestGreen
http://i.imgur.com/TKLs9lo.jpg;WhiteSmoke;Snow;DarkGray
https://i.redd.it/d8021b5i2moy.jpg;Black;Sienna;DarkOliveGreen
https://i.redd.it/4m5yk8gjrtzy.jpg;Black;Sienna;SaddleBrown
https://i.redd.it/xae65ypfqycy.jpg;WhiteSmoke;FireBrick;SaddleBrown
http://i.imgur.com/lcEUZHv.jpg;Silver;DarkSlateGray;LightGray
https://i.redd.it/1nlgrn49x7ry.jpg;Black;DimGray;DarkSlateGray
http://i.imgur.com/M3NOzLC.jpg;Gray;DarkSlateGray;DimGray
https://i.redd.it/w5q6gldnvcuy.jpg;Black;RosyBrown;WhiteSmoke
https://i.redd.it/s5viyluv421z.jpg;Peru;Sienna;AntiqueWhite
https://i.redd.it/h5t3qddvvzry.jpg;Black;RosyBrown;DimGray
https://i.redd.it/ftd3sx5ah13z.jpg;IndianRed;Sienna;DimGray
https://i.redd.it/7ofdqmp53bzy.jpg;Gray;RosyBrown;DarkOliveGreen
http://i.imgur.com/sXhEQez.jpg;Black;DarkSlateGray;DarkGray
https://i.redd.it/cwljeujku33z.jpg;Gainsboro;DarkKhaki;LightGray
https://i.redd.it/fsuv32a1cc9y.jpg;Snow;DarkSlateGray;Gray
http://i.imgur.com/enhDnTM.jpg;Gainsboro;Black;PowderBlue
http://i.imgur.com/tyDhTll.jpg;Black;DimGray;DarkSlateGray
http://i.imgur.com/puEqa4C.jpg;LightSlateGray;DarkSlateGray;Tomato
https://i.redd.it/ihczg3pmle3z.jpg;DarkGray;Gray;DimGray
https://i.redd.it/cpkq97klre4z.jpg;Gray;DarkGray;DimGray
http://i.imgur.com/RycdbMO.jpg;DarkSlateGray;DarkGray;DimGray
https://i.redd.it/sn7ufk9fsv4z.jpg;Gray;DimGray;Black
https://i.redd.it/n9jq5j2tatcy.jpg;DarkSlateGray;Silver;DimGray
https://i.redd.it/0qow2dksb34z.jpg;DarkOliveGreen;DarkSlateGray;DarkKhaki
http://i.imgur.com/pt9rmrv.jpg;BurlyWood;Wheat;AntiqueWhite
http://i.imgur.com/6pnYQUv.jpg;Black;LightSlateGray;DarkSlateGray
https://i.imgur.com/HRgRMOw.jpg;DarkGray;SeaGreen;DarkSlateGray
https://i.redd.it/rubsfuf64lvy.jpg;DarkGray;DarkOliveGreen;Lavender
https://i.redd.it/nrafqoujmety.jpg;DarkSlateGray;DarkGray;DarkOliveGreen
https://i.redd.it/ru12lvaf7jyy.jpg;DarkGray;Black;DarkSlateGray
https://i.redd.it/c5pk0vnpg3ty.jpg;SlateBlue;GhostWhite;LightSlateGray
http://i.imgur.com/qvnjbVw.jpg;DarkGray;Gray;Silver
https://i.redd.it/ax4eueu0szpy.jpg;Silver;RosyBrown;DarkGray
https://i.redd.it/guul6eld2soy.jpg;DarkOliveGreen;Gray;DimGray
http://i.imgur.com/Gh2I3pq.jpg;RosyBrown;DarkGray;Tan
https://i.redd.it/m4cfqp8wfv5z.jpg;LightGray;Gainsboro;Black
https://i.redd.it/tb5pckm6e72y.jpg;DarkGray;Black;LightGray
https://i.redd.it/fyqzavufvjwy.jpg;DarkKhaki;BurlyWood;DarkOliveGreen
https://i.redd.it/lsuw4p2ncyny.jpg;Sienna;Peru;Black
http://i.imgur.com/FApqk3D.jpg;Black;Gold;ForestGreen
http://i.imgur.com/TKLs9lo.jpg;WhiteSmoke;Snow;DarkGray
https://i.redd.it/d8021b5i2moy.jpg;Black;Tan;DarkOliveGreen
https://i.redd.it/4m5yk8gjrtzy.jpg;Black;Sienna;SaddleBrown
https://i.redd.it/xae65ypfqycy.jpg;WhiteSmoke;FireBrick;SaddleBrown
http://i.imgur.com/lcEUZHv.jpg;Silver;DarkSlateGray;LightGray
https://i.redd.it/1nlgrn49x7ry.jpg;DimGray;Black;RosyBrown
http://i.imgur.com/M3NOzLC.jpg;Gray;DarkSlateGray;SaddleBrown
https://i.redd.it/w5q6gldnvcuy.jpg;Black;RosyBrown;WhiteSmoke
https://i.redd.it/s5viyluv421z.jpg;Peru;Sienna;AntiqueWhite
https://i.redd.it/h5t3qddvvzry.jpg;Black;Gray;DarkSlateGray
https://i.redd.it/ftd3sx5ah13z.jpg;Sienna;IndianRed;RosyBrown
https://i.redd.it/7ofdqmp53bzy.jpg;Gray;RosyBrown;Wheat
http://i.imgur.com/sXhEQez.jpg;Black;DarkSlateGray;DimGray
https://i.redd.it/cwljeujku33z.jpg;Gainsboro;DarkKhaki;LightGray
https://i.redd.it/fsuv32a1cc9y.jpg;Snow;DimGray;DarkSlateGray
http://i.imgur.com/enhDnTM.jpg;Gainsboro;Black;Lavender
http://i.imgur.com/tyDhTll.jpg;Black;DimGray;DarkSlateGray
http://i.imgur.com/puEqa4C.jpg;LightSlateGray;DarkSlateGray;Tomato
https://i.redd.it/ihczg3pmle3z.jpg;DarkGray;Gray;DimGray
https://i.redd.it/cpkq97klre4z.jpg;Gray;DarkGray;DimGray
http://i.imgur.com/RycdbMO.jpg;DarkSlateGray;Silver;DarkGray
https://i.redd.it/sn7ufk9fsv4z.jpg;DimGray;DarkSlateGray;LightGray
https://i.redd.it/n9jq5j2tatcy.jpg;DarkSlateGray;Silver;DarkGray
https://i.redd.it/0qow2dksb34z.jpg;DarkOliveGreen;DimGray;DarkSlateGray
http://i.imgur.com/pt9rmrv.jpg;BurlyWood;PeachPuff;AntiqueWhite
http://i.imgur.com/6pnYQUv.jpg;DarkSlateGray;Black;Gray
https://i.imgur.com/HRgRMOw.jpg;DarkGray;DarkSlateGray;SeaGreen
https://i.redd.it/rubsfuf64lvy.jpg;Silver;DarkSlateGray;Lavender
https://i.redd.it/nrafqoujmety.jpg;DarkSlateGray;Black;DarkGray
https://i.redd.it/ru12lvaf7jyy.jpg;DarkGray;Black;Silver
https://i.redd.it/c5pk0vnpg3ty.jpg;SlateBlue;GhostWhite;CornflowerBlue
http://i.imgur.com/qvnjbVw.jpg;DarkGray;DarkOliveGreen;Silver
https://i.redd.it/ax4eueu0szpy.jpg;Silver;RosyBrown;DarkSlateGray
https://i.redd.it/guul6eld2soy.jpg;Gray;DarkOliveGreen;DimGray
http://i.imgur.com/Gh2I3pq.jpg;RosyBrown;Tan;DarkSlateGray
https://i.redd.it/m4cfqp8wfv5z.jpg;LightGray;Gainsboro;Black
https://i.redd.it/tb5pckm6e72y.jpg;DarkGray;Black;Gray
https://i.redd.it/fyqzavufvjwy.jpg;Gray;BurlyWood;DarkOliveGreen
https://i.redd.it/lsuw4p2ncyny.jpg;Peru;Sienna;Gainsboro
http://i.imgur.com/FApqk3D.jpg;Black;Gold;ForestGreen
http://i.imgur.com/TKLs9lo.jpg;GhostWhite;WhiteSmoke;DarkGray
https://i.redd.it/d8021b5i2moy.jpg;Black;Sienna;DarkSlateGray
https://i.redd.it/4m5yk8gjrtzy.jpg;Black;SaddleBrown;DarkSlateGray
https://i.redd.it/xae65ypfqycy.jpg;WhiteSmoke;FireBrick;SaddleBrown
http://i.imgur.com/lcEUZHv.jpg;Silver;DarkSlateGray;LightGray
https://i.redd.it/1nlgrn49x7ry.jpg;Black;DimGray;Gray
http://i.imgur.com/M3NOzLC.jpg;Gray;DarkSlateGray;DarkGray
https://i.redd.it/w5q6gldnvcuy.jpg;Black;RosyBrown;WhiteSmoke
https://i.redd.it/s5viyluv421z.jpg;Peru;Sienna;AntiqueWhite
https://i.redd.it/h5t3qddvvzry.jpg;Black;DarkSlateGray;DimGray
https://i.redd.it/ftd3sx5ah13z.jpg;Sienna;IndianRed;RosyBrown
https://i.redd.it/7ofdqmp53bzy.jpg;RosyBrown;Gray;Wheat
http://i.imgur.com/sXhEQez.jpg;Black;DarkGray;DimGray
https://i.redd.it/cwljeujku33z.jpg;Gainsboro;DarkKhaki;LightGray
https://i.redd.it/fsuv32a1cc9y.jpg;DimGray;DarkSlateGray;Gray
http://i.imgur.com/enhDnTM.jpg;Gainsboro;Black;PowderBlue
http://i.imgur.com/tyDhTll.jpg;Black;DimGray;DarkSlateGray
http://i.imgur.com/puEqa4C.jpg;LightSlateGray;DarkSlateGray;Tomato
https://i.redd.it/ihczg3pmle3z.jpg;DarkGray;Gray;DimGray
https://i.redd.it/cpkq97klre4z.jpg;Gray;DarkGray;DimGray
http://i.imgur.com/RycdbMO.jpg;DarkSlateGray;Silver;DarkGray
https://i.redd.it/sn7ufk9fsv4z.jpg;DimGray;Black;LightGray
https://i.redd.it/n9jq5j2tatcy.jpg;DarkSlateGray;DimGray;Gray
https://i.redd.it/0qow2dksb34z.jpg;DarkOliveGreen;DarkSlateGray;Gray
http://i.imgur.com/pt9rmrv.jpg;Snow;AntiqueWhite;BurlyWood
http://i.imgur.com/6pnYQUv.jpg;Black;LightSlateGray;DarkSlateGray
https://i.imgur.com/HRgRMOw.jpg;DarkGray;DarkSlateGray;SeaGreen
https://i.redd.it/rubsfuf64lvy.jpg;DarkGray;DarkOliveGreen;Lavender
https://i.redd.it/nrafqoujmety.jpg;Black;DarkSlateGray;DarkGray
https://i.redd.it/ru12lvaf7jyy.jpg;DarkGray;DarkSlateGray;Black
https://i.redd.it/c5pk0vnpg3ty.jpg;SlateBlue;GhostWhite;LightSlateGray
http://i.imgur.com/qvnjbVw.jpg;DarkGray;Silver;LightSlateGray
https://i.redd.it/ax4eueu0szpy.jpg;Silver;RosyBrown;DarkSlateGray
https://i.redd.it/guul6eld2soy.jpg;Gray;DarkOliveGreen;DimGray
http://i.imgur.com/Gh2I3pq.jpg;RosyBrown;Silver;Tan
https://i.redd.it/m4cfqp8wfv5z.jpg;LightGray;Black;Silver
https://i.redd.it/tb5pckm6e72y.jpg;DarkGray;Black;Gray
https://i.redd.it/fyqzavufvjwy.jpg;BurlyWood;DimGray;DarkOliveGreen
https://i.redd.it/lsuw4p2ncyny.jpg;Peru;Sienna;Black
http://i.imgur.com/FApqk3D.jpg;Black;ForestGreen;Gold
http://i.imgur.com/TKLs9lo.jpg;WhiteSmoke;GhostWhite;DarkGray
https://i.redd.it/d8021b5i2moy.jpg;DarkOliveGreen;Black;Tan
https://i.redd.it/4m5yk8gjrtzy.jpg;Black;DarkSlateGray;Sienna
https://i.redd.it/xae65ypfqycy.jpg;WhiteSmoke;FireBrick;SaddleBrown
http://i.imgur.com/lcEUZHv.jpg;Silver;DarkSlateGray;LightGray
https://i.redd.it/1nlgrn49x7ry.jpg;DimGray;Black;DarkSlateGray
http://i.imgur.com/M3NOzLC.jpg;Gray;DarkSlateGray;DarkOliveGreen
https://i.redd.it/w5q6gldnvcuy.jpg;Black;WhiteSmoke;MidnightBlue
https://i.redd.it/s5viyluv421z.jpg;Peru;Sienna;AntiqueWhite
https://i.redd.it/h5t3qddvvzry.jpg;Black;Gray;DimGray
https://i.redd.it/ftd3sx5ah13z.jpg;Sienna;IndianRed;RosyBrown
https://i.redd.it/7ofdqmp53bzy.jpg;Gray;RosyBrown;DarkOliveGreen
http://i.imgur.com/sXhEQez.jpg;Black;DarkSlateGray;Gray
https://i.redd.it/cwljeujku33z.jpg;Gainsboro;DarkKhaki;DarkGray
https://i.redd.it/fsuv32a1cc9y.jpg;Gray;DimGray;WhiteSmoke
http://i.imgur.com/enhDnTM.jpg;Gainsboro;Black;Lavender
http://i.imgur.com/tyDhTll.jpg;Black;DimGray;DarkSlateGray
http://i.imgur.com/puEqa4C.jpg;LightSlateGray;DarkSlateGray;Gray
https://i.redd.it/ihczg3pmle3z.jpg;DarkGray;Gray;DarkSeaGreen
https://i.redd.it/cpkq97klre4z.jpg;DarkGray;Gray;DimGray
http://i.imgur.com/RycdbMO.jpg;DarkSlateGray;Silver;RosyBrown
https://i.redd.it/sn7ufk9fsv4z.jpg;DimGray;DarkSlateGray;LightGray
https://i.redd.it/n9jq5j2tatcy.jpg;DarkSlateGray;DimGray;DarkGray
https://i.redd.it/0qow2dksb34z.jpg;DimGray;Gray;DarkSlateGray
http://i.imgur.com/pt9rmrv.jpg;Snow;AntiqueWhite;BurlyWood
http://i.imgur.com/6pnYQUv.jpg;DarkSlateGray;Black;Gray
https://i.imgur.com/HRgRMOw.jpg;DarkGray;DarkSlateGray;SeaGreen
https://i.redd.it/rubsfuf64lvy.jpg;DarkGray;DarkOliveGreen;Gainsboro
https://i.redd.it/nrafqoujmety.jpg;Black;DarkSlateGray;RosyBrown
https://i.redd.it/ru12lvaf7jyy.jpg;DarkGray;Black;Silver
https://i.redd.it/c5pk0vnpg3ty.jpg;SlateBlue;GhostWhite;CornflowerBlue
http://i.imgur.com/qvnjbVw.jpg;DarkGray;DimGray;Silver
https://i.redd.it/ax4eueu0szpy.jpg;Silver;RosyBrown;DarkSlateGray
https://i.redd.it/guul6eld2soy.jpg;DarkOliveGreen;Gray;DimGray
http://i.imgur.com/Gh2I3pq.jpg;RosyBrown;Tan;DarkSlateGray
https://i.redd.it/m4cfqp8wfv5z.jpg;LightGray;Silver;Black
https://i.redd.it/tb5pckm6e72y.jpg;DarkGray;Black;Silver
https://i.redd.it/fyqzavufvjwy.jpg;BurlyWood;DimGray;DarkOliveGreen
https://i.redd.it/lsuw4p2ncyny.jpg;Peru;Sienna;Black
http://i.imgur.com/FApqk3D.jpg;Black;ForestGreen;Gold
http://i.imgur.com/TKLs9lo.jpg;WhiteSmoke;Snow;DarkGray
https://i.redd.it/d8021b5i2moy.jpg;DarkOliveGreen;Black;Tan
https://i.redd.it/4m5yk8gjrtzy.jpg;Black;DarkOliveGreen;SaddleBrown
https://i.redd.it/xae65ypfqycy.jpg;WhiteSmoke;FireBrick;SaddleBrown
http://i.imgur.com/lcEUZHv.jpg;Silver;DarkSlateGray;LightGray
https://i.redd.it/1nlgrn49x7ry.jpg;Black;DarkSlateGray;RosyBrown
http://i.imgur.com/M3NOzLC.jpg;Gray;DarkSlateGray;DarkOliveGreen
https://i.redd.it/w5q6gldnvcuy.jpg;Black;WhiteSmoke;MidnightBlue
https://i.redd.it/s5viyluv421z.jpg;Peru;Sienna;AntiqueWhite
https://i.redd.it/h5t3qddvvzry.jpg;Black;Gray;DimGray
https://i.redd.it/ftd3sx5ah13z.jpg;Sienna;IndianRed;Tan
https://i.redd.it/7ofdqmp53bzy.jpg;RosyBrown;Gray;DarkOliveGreen
http://i.imgur.com/sXhEQez.jpg;Black;DarkSlateGray;DarkGray
https://i.redd.it/cwljeujku33z.jpg;Gainsboro;DarkKhaki;LightGray
https://i.redd.it/fsuv32a1cc9y.jpg;Snow;DarkSlateGray;DimGray
http://i.imgur.com/enhDnTM.jpg;PaleTurquoise;Black;Lavender
http://i.imgur.com/tyDhTll.jpg;Black;DimGray;DarkSlateGray
http://i.imgur.com/puEqa4C.jpg;LightSlateGray;Black;Gray
https://i.redd.it/ihczg3pmle3z.jpg;DarkGray;Gray;DarkSeaGreen
https://i.redd.it/cpkq97klre4z.jpg;Gray;DarkGray;DimGray
http://i.imgur.com/RycdbMO.jpg;DarkSlateGray;Silver;Gray
https://i.redd.it/sn7ufk9fsv4z.jpg;DimGray;LightGray;DarkSlateGray
https://i.redd.it/n9jq5j2tatcy.jpg;DarkSlateGray;DarkGray;Silver
https://i.redd.it/0qow2dksb34z.jpg;DarkOliveGreen;DimGray;Gray
http://i.imgur.com/pt9rmrv.jpg;BurlyWood;Wheat;AntiqueWhite
http://i.imgur.com/6pnYQUv.jpg;DarkSlateGray;Gray;Black
https://i.imgur.com/HRgRMOw.jpg;DarkGray;SeaGreen;DarkSlateGray
https://i.redd.it/rubsfuf64lvy.jpg;DarkGray;DarkOliveGreen;Lavender
https://i.redd.it/nrafqoujmety.jpg;Black;DarkSlateGray;DarkGray
https://i.redd.it/ru12lvaf7jyy.jpg;DarkGray;Black;Gray
https://i.redd.it/c5pk0vnpg3ty.jpg;CornflowerBlue;SlateBlue;GhostWhite
http://i.imgur.com/qvnjbVw.jpg;DarkGray;Silver;DimGray
https://i.redd.it/ax4eueu0szpy.jpg;Silver;DarkSlateGray;RosyBrown
https://i.redd.it/guul6eld2soy.jpg;DarkOliveGreen;Gray;DimGray
http://i.imgur.com/Gh2I3pq.jpg;RosyBrown;Silver;Tan
https://i.redd.it/m4cfqp8wfv5z.jpg;LightGray;Black;Gainsboro
https://i.redd.it/tb5pckm6e72y.jpg;DarkGray;Black;Silver
https://i.redd.it/fyqzavufvjwy.jpg;BurlyWood;Peru;DimGray
https://i.redd.it/lsuw4p2ncyny.jpg;Sienna;Peru;DarkGray
http://i.imgur.com/FApqk3D.jpg;Black;Gold;ForestGreen
http://i.imgur.com/TKLs9lo.jpg;WhiteSmoke;GhostWhite;LightSlateGray
https://i.redd.it/d8021b5i2moy.jpg;Black;DarkOliveGreen;Tan
https://i.redd.it/4m5yk8gjrtzy.jpg;Black;SaddleBrown;DarkOliveGreen
https://i.redd.it/xae65ypfqycy.jpg;WhiteSmoke;FireBrick;SaddleBrown
http://i.imgur.com/lcEUZHv.jpg;Silver;DarkSlateGray;LightGray
https://i.redd.it/1nlgrn49x7ry.jpg;DimGray;Black;DarkSlateGray
http://i.imgur.com/M3NOzLC.jpg;Gray;DarkSlateGray;DimGray
https://i.redd.it/w5q6gldnvcuy.jpg;Black;RosyBrown;WhiteSmoke
https://i.redd.it/s5viyluv421z.jpg;Peru;Sienna;AntiqueWhite
https://i.redd.it/h5t3qddvvzry.jpg;Black;DimGray;DarkSlateGray
https://i.redd.it/ftd3sx5ah13z.jpg;Sienna;IndianRed;DimGray
https://i.redd.it/7ofdqmp53bzy.jpg;Gray;RosyBrown;BurlyWood
http://i.imgur.com/sXhEQez.jpg;Black;DarkSlateGray;DimGray
https://i.redd.it/cwljeujku33z.jpg;Gainsboro;DarkKhaki;LightGray
https://i.redd.it/fsuv32a1cc9y.jpg;Snow;DarkSlateGray;Gray
http://i.imgur.com/enhDnTM.jpg;Gainsboro;Black;Lavender
http://i.imgur.com/tyDhTll.jpg;Black;DimGray;DarkSlateGray
http://i.imgur.com/puEqa4C.jpg;LightSlateGray;Black;Gray
https://i.redd.it/ihczg3pmle3z.jpg;DarkGray;Gray;DarkSeaGreen
https://i.redd.it/cpkq97klre4z.jpg;Gray;DarkGray;DimGray
http://i.imgur.com/RycdbMO.jpg;DarkSlateGray;DarkGray;DimGray
https://i.redd.it/sn7ufk9fsv4z.jpg;DimGray;DarkSlateGray;LightGray
https://i.redd.it/n9jq5j2tatcy.jpg;DarkSlateGray;DarkGray;Silver
https://i.redd.it/0qow2dksb34z.jpg;DarkOliveGreen;DimGray;DarkKhaki
http://i.imgur.com/pt9rmrv.jpg;BurlyWood;AntiqueWhite;PeachPuff
http://i.imgur.com/6pnYQUv.jpg;Black;LightSlateGray;Gray
https://i.imgur.com/HRgRMOw.jpg;DarkGray;SeaGreen;DarkSlateGray
https://i.redd.it/rubsfuf64lvy.jpg;DarkOliveGreen;Silver;Lavender
https://i.redd.it/nrafqoujmety.jpg;Black;DarkSlateGray;RosyBrown
https://i.redd.it/ru12lvaf7jyy.jpg;DarkGray;DarkSlateGray;Black
https://i.redd.it/c5pk0vnpg3ty.jpg;CornflowerBlue;SlateBlue;GhostWhite
http://i.imgur.com/qvnjbVw.jpg;DarkGray;DimGray;Gray
https://i.redd.it/ax4eueu0szpy.jpg;Silver;RosyBrown;DarkSlateGray
https://i.redd.it/guul6eld2soy.jpg;Gray;DarkOliveGreen;DimGray
http://i.imgur.com/Gh2I3pq.jpg;RosyBrown;Silver;Tan
https://i.redd.it/m4cfqp8wfv5z.jpg;LightGray;Black;Gainsboro
https://i.redd.it/tb5pckm6e72y.jpg;DarkGray;Black;Silver
https://i.redd.it/fyqzavufvjwy.jpg;BurlyWood;Sienna;Peru
https://i.redd.it/lsuw4p2ncyny.jpg;Sienna;Peru;SaddleBrown
http://i.imgur.com/FApqk3D.jpg;Black;ForestGreen;Gold
http://i.imgur.com/TKLs9lo.jpg;WhiteSmoke;Snow;DarkGray
https://i.redd.it/d8021b5i2moy.jpg;Black;DarkOliveGreen;Peru
https://i.redd.it/4m5yk8gjrtzy.jpg;Black;Sienna;SaddleBrown
https://i.redd.it/xae65ypfqycy.jpg;WhiteSmoke;FireBrick;SaddleBrown
http://i.imgur.com/lcEUZHv.jpg;Silver;DarkSlateGray;LightGray
https://i.redd.it/1nlgrn49x7ry.jpg;Black;DarkSlateGray;DarkOliveGreen
http://i.imgur.com/M3NOzLC.jpg;Gray;DarkSlateGray;DimGray
https://i.redd.it/w5q6gldnvcuy.jpg;Black;RosyBrown;WhiteSmoke
https://i.redd.it/s5viyluv421z.jpg;Peru;Sienna;AntiqueWhite
https://i.redd.it/h5t3qddvvzry.jpg;Black;RosyBrown;DarkSlateGray
https://i.redd.it/ftd3sx5ah13z.jpg;Sienna;IndianRed;RosyBrown
https://i.redd.it/7ofdqmp53bzy.jpg;Tan;Gray;RosyBrown
http://i.imgur.com/sXhEQez.jpg;Black;Gray;DarkSlateGray
https://i.redd.it/cwljeujku33z.jpg;Gainsboro;DarkKhaki;LightGray
https://i.redd.it/fsuv32a1cc9y.jpg;Gray;DarkOliveGreen;WhiteSmoke
http://i.imgur.com/enhDnTM.jpg;Gainsboro;Black;LightSeaGreen
http://i.imgur.com/tyDhTll.jpg;Black;DimGray;DarkSlateGray
http://i.imgur.com/puEqa4C.jpg;LightSlateGray;DarkSlateGray;Black
https://i.redd.it/ihczg3pmle3z.jpg;DarkGray;Gray;DarkSeaGreen
https://i.redd.it/cpkq97klre4z.jpg;Gray;DarkGray;DimGray
http://i.imgur.com/RycdbMO.jpg;DarkSlateGray;Silver;LightGray
https://i.redd.it/sn7ufk9fsv4z.jpg;DimGray;DarkSlateGray;LightGray
https://i.redd.it/n9jq5j2tatcy.jpg;DarkSlateGray;DarkGray;Silver
https://i.redd.it/0qow2dksb34z.jpg;DimGray;DarkOliveGreen;DarkSlateGray
http://i.imgur.com/pt9rmrv.jpg;AntiqueWhite;BurlyWood;Wheat
http://i.imgur.com/6pnYQUv.jpg;Black;LightSlateGray;DarkSlateGray
https://i.imgur.com/HRgRMOw.jpg;DarkGray;CadetBlue;DarkSlateGray
https://i.redd.it/rubsfuf64lvy.jpg;DarkOliveGreen;Lavender;DarkGray
https://i.redd.it/nrafqoujmety.jpg;Black;DarkSlateGray;RosyBrown
https://i.redd.it/ru12lvaf7jyy.jpg;DarkGray;Black;DarkSlateGray
https://i.redd.it/c5pk0vnpg3ty.jpg;SlateBlue;GhostWhite;CornflowerBlue
http://i.imgur.com/qvnjbVw.jpg;DarkGray;Silver;DimGray
https://i.redd.it/ax4eueu0szpy.jpg;Silver;RosyBrown;DarkSlateGray
https://i.redd.it/guul6eld2soy.jpg;Gray;DarkOliveGreen;DimGray
http://i.imgur.com/Gh2I3pq.jpg;RosyBrown;Tan;DarkGray
https://i.redd.it/m4cfqp8wfv5z.jpg;LightGray;Gainsboro;Black
https://i.redd.it/tb5pckm6e72y.jpg;DarkGray;Black;Silver
https://i.redd.it/fyqzavufvjwy.jpg;BurlyWood;Sienna;DimGray
https://i.redd.it/lsuw4p2ncyny.jpg;Peru;Sienna;Lavender
http://i.imgur.com/FApqk3D.jpg;Black;ForestGreen;Gold
http://i.imgur.com/TKLs9lo.jpg;WhiteSmoke;Snow;LightSlateGray
https://i.redd.it/d8021b5i2moy.jpg;Black;DarkOliveGreen;Tan
https://i.redd.it/4m5yk8gjrtzy.jpg;Black;SaddleBrown;DarkSlateGray
https://i.redd.it/xae65ypfqycy.jpg;WhiteSmoke;FireBrick;SaddleBrown
http://i.imgur.com/lcEUZHv.jpg;Silver;DarkSlateGray;LightGray
https://i.redd.it/1nlgrn49x7ry.jpg;DimGray;Black;DarkSlateGray
http://i.imgur.com/M3NOzLC.jpg;Gray;DarkSlateGray;Sienna
https://i.redd.it/w5q6gldnvcuy.jpg;Black;RosyBrown;WhiteSmoke
https://i.redd.it/s5viyluv421z.jpg;Peru;SaddleBrown;Sienna
https://i.redd.it/h5t3qddvvzry.jpg;Black;DarkGray;DimGray
https://i.redd.it/ftd3sx5ah13z.jpg;Sienna;IndianRed;RosyBrown
https://i.redd.it/7ofdqmp53bzy.jpg;RosyBrown;Gray;Tan
http://i.imgur.com/sXhEQez.jpg;Black;DarkSlateGray;DimGray
https://i.redd.it/cwljeujku33z.jpg;Gainsboro;LightGray;DarkKhaki
https://i.redd.it/fsuv32a1cc9y.jpg;Gray;DimGray;DarkOliveGreen
http://i.imgur.com/enhDnTM.jpg;PaleTurquoise;Black;Lavender
http://i.imgur.com/tyDhTll.jpg;Black;DarkSlateGray;DimGray
http://i.imgur.com/puEqa4C.jpg;LightSlateGray;DarkSlateGray;Black
https://i.redd.it/ihczg3pmle3z.jpg;DarkGray;DarkSeaGreen;DimGray
https://i.redd.it/cpkq97klre4z.jpg;Gray;DarkGray;DimGray
http://i.imgur.com/RycdbMO.jpg;DarkSlateGray;Silver;DarkGray
https://i.redd.it/sn7ufk9fsv4z.jpg;DimGray;Black;LightGray
https://i.redd.it/n9jq5j2tatcy.jpg;DarkSlateGray;Silver;DimGray
https://i.redd.it/0qow2dksb34z.jpg;DarkOliveGreen;Gray;DarkKhaki
http://i.imgur.com/pt9rmrv.jpg;Wheat;DarkSlateGray;AntiqueWhite
http://i.imgur.com/6pnYQUv.jpg;Black;DarkSlateGray;Gray
https://i.imgur.com/HRgRMOw.jpg;DarkGray;DarkSlateGray;SeaGreen
https://i.redd.it/rubsfuf64lvy.jpg;DarkGray;DarkOliveGreen;Lavender
https://i.redd.it/nrafqoujmety.jpg;Black;DarkSlateGray;DarkGray
https://i.redd.it/ru12lvaf7jyy.jpg;DarkGray;Black;DarkSlateGray
https://i.redd.it/c5pk0vnpg3ty.jpg;SlateBlue;Snow;LightSlateGray
http://i.imgur.com/qvnjbVw.jpg;DarkGray;Gray;DimGray
https://i.redd.it/ax4eueu0szpy.jpg;Silver;DarkGray;DarkSlateGray
https://i.redd.it/guul6eld2soy.jpg;Gray;DarkOliveGreen;DimGray
http://i.imgur.com/Gh2I3pq.jpg;RosyBrown;Silver;Tan
https://i.redd.it/m4cfqp8wfv5z.jpg;LightGray;Gainsboro;Black
https://i.redd.it/tb5pckm6e72y.jpg;DarkGray;Black;Gray
https://i.redd.it/fyqzavufvjwy.jpg;BurlyWood;Sienna;DimGray
https://i.redd.it/lsuw4p2ncyny.jpg;Peru;Sienna;SaddleBrown
http://i.imgur.com/FApqk3D.jpg;Black;Gold;ForestGreen
http://i.imgur.com/TKLs9lo.jpg;WhiteSmoke;Snow;DarkGray
https://i.redd.it/d8021b5i2moy.jpg;Black;Sienna;Tan
https://i.redd.it/4m5yk8gjrtzy.jpg;Black;SaddleBrown;Sienna
https://i.redd.it/xae65ypfqycy.jpg;WhiteSmoke;FireBrick;SaddleBrown
http://i.imgur.com/lcEUZHv.jpg;Silver;DarkSlateGray;LightGray
https://i.redd.it/1nlgrn49x7ry.jpg;Black;DarkSlateGray;DimGray
http://i.imgur.com/M3NOzLC.jpg;Gray;DarkSlateGray;SaddleBrown
https://i.redd.it/w5q6gldnvcuy.jpg;Black;WhiteSmoke;RosyBrown
https://i.redd.it/s5viyluv421z.jpg;Peru;Sienna;AntiqueWhite
https://i.redd.it/h5t3qddvvzry.jpg;Black;DarkSlateGray;DarkGray
https://i.redd.it/ftd3sx5ah13z.jpg;Sienna;IndianRed;Tan
https://i.redd.it/7ofdqmp53bzy.jpg;Tan;RosyBrown;Gray
http://i.imgur.com/sXhEQez.jpg;Black;DarkSlateGray;DimGray
https://i.redd.it/cwljeujku33z.jpg;Gainsboro;DarkKhaki;DarkGray
https://i.redd.it/fsuv32a1cc9y.jpg;Snow;Gray;DarkSlateGray
http://i.imgur.com/enhDnTM.jpg;Gainsboro;Black;Lavender
http://i.imgur.com/tyDhTll.jpg;Black;DimGray;DarkSlateGray
http://i.imgur.com/puEqa4C.jpg;LightSlateGray;DarkSlateGray;Black
https://i.redd.it/ihczg3pmle3z.jpg;DarkGray;Gray;DimGray
https://i.redd.it/cpkq97klre4z.jpg;Gray;DarkGray;DimGray
http://i.imgur.com/RycdbMO.jpg;DarkSlateGray;Silver;DimGray
https://i.redd.it/sn7ufk9fsv4z.jpg;DimGray;DarkSlateGray;LightGray
https://i.redd.it/n9jq5j2tatcy.jpg;DarkSlateGray;Silver;DimGray
https://i.redd.it/0qow2dksb34z.jpg;DarkOliveGreen;DimGray;DarkSlateGray
http://i.imgur.com/pt9rmrv.jpg;BurlyWood;AntiqueWhite;Wheat
http://i.imgur.com/6pnYQUv.jpg;DarkSlateGray;Black;LightSlateGray
https://i.imgur.com/HRgRMOw.jpg;DarkGray;SeaGreen;DarkSlateGray
https://i.redd.it/rubsfuf64lvy.jpg;DarkOliveGreen;Lavender;DarkGray
https://i.redd.it/nrafqoujmety.jpg;Black;DarkSlateGray;RosyBrown
https://i.redd.it/ru12lvaf7jyy.jpg;DarkGray;Black;DarkSlateGray
https://i.redd.it/c5pk0vnpg3ty.jpg;SlateBlue;GhostWhite;CornflowerBlue
http://i.imgur.com/qvnjbVw.jpg;DarkGray;DarkOliveGreen;Silver
https://i.redd.it/ax4eueu0szpy.jpg;Silver;RosyBrown;DarkSlateGray
https://i.redd.it/guul6eld2soy.jpg;DarkOliveGreen;Gray;RosyBrown
http://i.imgur.com/Gh2I3pq.jpg;RosyBrown;Tan;DarkSlateGray
https://i.redd.it/m4cfqp8wfv5z.jpg;LightGray;Silver;Black
https://i.redd.it/tb5pckm6e72y.jpg;DarkGray;Black;Silver
https://i.redd.it/fyqzavufvjwy.jpg;Gray;Tan;DimGray
https://i.redd.it/lsuw4p2ncyny.jpg;Peru;Sienna;Gainsboro
http://i.imgur.com/FApqk3D.jpg;Black;ForestGreen;Gold
http://i.imgur.com/TKLs9lo.jpg;GhostWhite;WhiteSmoke;DarkGray
https://i.redd.it/d8021b5i2moy.jpg;Black;DarkOliveGreen;Tan
https://i.redd.it/4m5yk8gjrtzy.jpg;Black;DarkOliveGreen;DarkSlateGray
https://i.redd.it/xae65ypfqycy.jpg;WhiteSmoke;FireBrick;SaddleBrown
http://i.imgur.com/lcEUZHv.jpg;Silver;DarkSlateGray;LightGray
https://i.redd.it/1nlgrn49x7ry.jpg;Black;DimGray;DarkSlateGray
http://i.imgur.com/M3NOzLC.jpg;Gray;DarkSlateGray;DarkOliveGreen
https://i.redd.it/w5q6gldnvcuy.jpg;Black;RosyBrown;WhiteSmoke
https://i.redd.it/s5viyluv421z.jpg;Peru;Sienna;AntiqueWhite
https://i.redd.it/h5t3qddvvzry.jpg;Black;DimGray;DarkSlateGray
https://i.redd.it/ftd3sx5ah13z.jpg;IndianRed;Sienna;RosyBrown
https://i.redd.it/7ofdqmp53bzy.jpg;RosyBrown;Gray;BurlyWood
http://i.imgur.com/sXhEQez.jpg;Black;DarkSlateGray;DarkGray
https://i.redd.it/cwljeujku33z.jpg;Gainsboro;DarkKhaki;LightGray
https://i.redd.it/fsuv32a1cc9y.jpg;Snow;DarkSlateGray;Gray
http://i.imgur.com/enhDnTM.jpg;Gainsboro;Black;LightSeaGreen
http://i.imgur.com/tyDhTll.jpg;Black;DimGray;DarkSlateGray
http://i.imgur.com/puEqa4C.jpg;LightSlateGray;DarkSlateGray;Gray
https://i.redd.it/ihczg3pmle3z.jpg;DarkGray;Gray;DarkSeaGreen
https://i.redd.it/cpkq97klre4z.jpg;Gray;DarkGray;DimGray
http://i.imgur.com/RycdbMO.jpg;DarkSlateGray;Silver;DarkGray
https://i.redd.it/sn7ufk9fsv4z.jpg;Gray;DarkSlateGray;LightGray
https://i.redd.it/n9jq5j2tatcy.jpg;DarkSlateGray;DarkGray;LightGray
https://i.redd.it/0qow2dksb34z.jpg;DarkOliveGreen;DimGray;OliveDrab
http://i.imgur.com/pt9rmrv.jpg;BurlyWood;AntiqueWhite;PeachPuff
http://i.imgur.com/6pnYQUv.jpg;Black;Gray;DarkSlateGray
https://i.imgur.com/HRgRMOw.jpg;DarkSlateGray;DarkGray;DimGray
https://i.redd.it/rubsfuf64lvy.jpg;DarkGray;DarkOliveGreen;Lavender
https://i.redd.it/nrafqoujmety.jpg;DarkSlateGray;Black;Silver
https://i.redd.it/ru12lvaf7jyy.jpg;DarkGray;Black;DarkSlateGray
https://i.redd.it/c5pk0vnpg3ty.jpg;SlateBlue;GhostWhite;LightSlateGray
http://i.imgur.com/qvnjbVw.jpg;DarkGray;Silver;DimGray
https://i.redd.it/ax4eueu0szpy.jpg;Silver;RosyBrown;DarkGray
https://i.redd.it/guul6eld2soy.jpg;Gray;DarkOliveGreen;DimGray
http://i.imgur.com/Gh2I3pq.jpg;RosyBrown;Silver;Tan
https://i.redd.it/m4cfqp8wfv5z.jpg;LightGray;Gainsboro;Black
https://i.redd.it/tb5pckm6e72y.jpg;DarkGray;Black;LightGray
https://i.redd.it/fyqzavufvjwy.jpg;Gray;BurlyWood;DarkKhaki
https://i.redd.it/lsuw4p2ncyny.jpg;Sienna;Peru;Black
